{"assets/.DS_Store":["assets/.DS_Store"],"assets/icon/QR_code.svg":["assets/icon/QR_code.svg"],"assets/icon/directory.svg":["assets/icon/directory.svg"],"assets/icon/file.svg":["assets/icon/file.svg"],"packages/app_manager/assets/app.svg":["packages/app_manager/assets/app.svg"],"packages/app_manager/assets/backup.svg":["packages/app_manager/assets/backup.svg"],"packages/app_manager/assets/backup2.svg":["packages/app_manager/assets/backup2.svg"],"packages/app_manager/assets/icon.svg":["packages/app_manager/assets/icon.svg"],"packages/app_manager/assets/icon2.svg":["packages/app_manager/assets/icon2.svg"],"packages/app_manager/assets/icon3.svg":["packages/app_manager/assets/icon3.svg"],"packages/app_manager/assets/market.svg":["packages/app_manager/assets/market.svg"],"packages/app_manager/assets/market1.svg":["packages/app_manager/assets/market1.svg"],"packages/app_manager/assets/placeholder.png":["packages/app_manager/assets/placeholder.png"],"packages/app_manager/assets/safe.svg":["packages/app_manager/assets/safe.svg"],"packages/cupertino_icons/assets/CupertinoIcons.ttf":["packages/cupertino_icons/assets/CupertinoIcons.ttf"],"packages/file_manager_view/assets/icon/controller.svg":["packages/file_manager_view/assets/icon/controller.svg"],"packages/file_manager_view/assets/icon/directory.svg":["packages/file_manager_view/assets/icon/directory.svg"],"packages/file_manager_view/assets/icon/file.svg":["packages/file_manager_view/assets/icon/file.svg"],"packages/file_manager_view/assets/icon/plugin.svg":["packages/file_manager_view/assets/icon/plugin.svg"],"packages/file_manager_view/assets/icon/terminal-box-fill.svg":["packages/file_manager_view/assets/icon/terminal-box-fill.svg"],"packages/file_manager_view/assets/icon/zip.svg":["packages/file_manager_view/assets/icon/zip.svg"],"packages/flutter_widget_from_html_core/test/images/logo.png":["packages/flutter_widget_from_html_core/test/images/logo.png"],"packages/global_repository/assets/icon/connect.svg":["packages/global_repository/assets/icon/connect.svg"],"packages/global_repository/assets/icon/lan.svg":["packages/global_repository/assets/icon/lan.svg"],"packages/global_repository/assets/icon/qr_code.svg":["packages/global_repository/assets/icon/qr_code.svg"],"packages/global_repository/assets/icon/remote.svg":["packages/global_repository/assets/icon/remote.svg"],"packages/wakelock_web/assets/no_sleep.js":["packages/wakelock_web/assets/no_sleep.js"]}