{"packages/cupertino_icons/assets/CupertinoIcons.ttf":["packages/cupertino_icons/assets/CupertinoIcons.ttf"],"packages/file_manager/assets/icon/controller.svg":["packages/file_manager/assets/icon/controller.svg"],"packages/file_manager/assets/icon/directory.svg":["packages/file_manager/assets/icon/directory.svg"],"packages/file_manager/assets/icon/file.svg":["packages/file_manager/assets/icon/file.svg"],"packages/file_manager/assets/icon/plugin.svg":["packages/file_manager/assets/icon/plugin.svg"],"packages/file_manager/assets/icon/terminal-box-fill.svg":["packages/file_manager/assets/icon/terminal-box-fill.svg"],"packages/file_manager/assets/icon/zip.svg":["packages/file_manager/assets/icon/zip.svg"],"packages/flutter_widget_from_html_core/test/images/logo.png":["packages/flutter_widget_from_html_core/test/images/logo.png"],"packages/wakelock_web/assets/no_sleep.js":["packages/wakelock_web/assets/no_sleep.js"]}