{"assets/icon/QR_code.svg":["assets/icon/QR_code.svg"],"assets/icon/add2.svg":["assets/icon/add2.svg"],"assets/icon/directory.svg":["assets/icon/directory.svg"],"assets/icon/file.svg":["assets/icon/file.svg"],"packages/app_manager/assets/app.svg":["packages/app_manager/assets/app.svg"],"packages/app_manager/assets/backup.svg":["packages/app_manager/assets/backup.svg"],"packages/app_manager/assets/backup2.svg":["packages/app_manager/assets/backup2.svg"],"packages/app_manager/assets/icon.svg":["packages/app_manager/assets/icon.svg"],"packages/app_manager/assets/icon2.svg":["packages/app_manager/assets/icon2.svg"],"packages/app_manager/assets/icon3.svg":["packages/app_manager/assets/icon3.svg"],"packages/app_manager/assets/market.svg":["packages/app_manager/assets/market.svg"],"packages/app_manager/assets/market1.svg":["packages/app_manager/assets/market1.svg"],"packages/app_manager/assets/placeholder.png":["packages/app_manager/assets/placeholder.png"],"packages/app_manager/assets/safe.svg":["packages/app_manager/assets/safe.svg"],"packages/cupertino_icons/assets/CupertinoIcons.ttf":["packages/cupertino_icons/assets/CupertinoIcons.ttf"],"packages/file_manager_view/assets/icon/controller.svg":["packages/file_manager_view/assets/icon/controller.svg"],"packages/file_manager_view/assets/icon/directory.svg":["packages/file_manager_view/assets/icon/directory.svg"],"packages/file_manager_view/assets/icon/file.svg":["packages/file_manager_view/assets/icon/file.svg"],"packages/file_manager_view/assets/icon/plugin.svg":["packages/file_manager_view/assets/icon/plugin.svg"],"packages/file_manager_view/assets/icon/terminal-box-fill.svg":["packages/file_manager_view/assets/icon/terminal-box-fill.svg"],"packages/file_manager_view/assets/icon/zip.svg":["packages/file_manager_view/assets/icon/zip.svg"],"packages/global_repository/assets/icon/connect.svg":["packages/global_repository/assets/icon/connect.svg"],"packages/global_repository/assets/icon/lan.svg":["packages/global_repository/assets/icon/lan.svg"],"packages/global_repository/assets/icon/qr_code.svg":["packages/global_repository/assets/icon/qr_code.svg"],"packages/global_repository/assets/icon/remote.svg":["packages/global_repository/assets/icon/remote.svg"],"packages/termare_view/assets/fonts/DroidSansMono.ttf":["packages/termare_view/assets/fonts/DroidSansMono.ttf"]}