{"assets/.DS_Store":["assets/.DS_Store","assets/icon/.DS_Store"],"assets/icon/.DS_Store":["assets/icon/.DS_Store"],"assets/icon/QR_code.svg":["assets/icon/QR_code.svg"],"assets/icon/all.png":["assets/icon/all.png"],"assets/icon/broswer.png":["assets/icon/broswer.png"],"assets/icon/camera.png":["assets/icon/camera.png"],"assets/icon/computer.png":["assets/icon/computer.png"],"assets/icon/dir.png":["assets/icon/dir.png"],"assets/icon/dir.svg":["assets/icon/dir.svg"],"assets/icon/directory.svg":["assets/icon/directory.svg"],"assets/icon/doc.png":["assets/icon/doc.png"],"assets/icon/file.png":["assets/icon/file.png"],"assets/icon/file_sel.png":["assets/icon/file_sel.png"],"assets/icon/gallery.png":["assets/icon/gallery.png"],"assets/icon/home.png":["assets/icon/home.png"],"assets/icon/home_sel.png":["assets/icon/home_sel.png"],"assets/icon/mp3.png":["assets/icon/mp3.png"],"assets/icon/other.png":["assets/icon/other.png"],"assets/icon/pdf.png":["assets/icon/pdf.png"],"assets/icon/phone.png":["assets/icon/phone.png"],"assets/icon/ppt.png":["assets/icon/ppt.png"],"assets/icon/qr.png":["assets/icon/qr.png"],"assets/icon/setting.png":["assets/icon/setting.png"],"assets/icon/upload.png":["assets/icon/upload.png"],"assets/icon/video.png":["assets/icon/video.png"],"assets/icon/zip.png":["assets/icon/zip.png"],"packages/app_manager/assets/app.svg":["packages/app_manager/assets/app.svg"],"packages/app_manager/assets/backup.svg":["packages/app_manager/assets/backup.svg"],"packages/app_manager/assets/backup2.svg":["packages/app_manager/assets/backup2.svg"],"packages/app_manager/assets/icon.svg":["packages/app_manager/assets/icon.svg"],"packages/app_manager/assets/icon2.svg":["packages/app_manager/assets/icon2.svg"],"packages/app_manager/assets/icon3.svg":["packages/app_manager/assets/icon3.svg"],"packages/app_manager/assets/market.svg":["packages/app_manager/assets/market.svg"],"packages/app_manager/assets/market1.svg":["packages/app_manager/assets/market1.svg"],"packages/app_manager/assets/placeholder.png":["packages/app_manager/assets/placeholder.png"],"packages/app_manager/assets/safe.svg":["packages/app_manager/assets/safe.svg"],"packages/cupertino_icons/assets/CupertinoIcons.ttf":["packages/cupertino_icons/assets/CupertinoIcons.ttf"],"packages/file_manager_view/assets/icon/.DS_Store":["packages/file_manager_view/assets/icon/.DS_Store"],"packages/file_manager_view/assets/icon/QR_code.svg":["packages/file_manager_view/assets/icon/QR_code.svg"],"packages/file_manager_view/assets/icon/add2.svg":["packages/file_manager_view/assets/icon/add2.svg"],"packages/file_manager_view/assets/icon/camera.png":["packages/file_manager_view/assets/icon/camera.png"],"packages/file_manager_view/assets/icon/computer.png":["packages/file_manager_view/assets/icon/computer.png"],"packages/file_manager_view/assets/icon/controller.svg":["packages/file_manager_view/assets/icon/controller.svg"],"packages/file_manager_view/assets/icon/dir.png":["packages/file_manager_view/assets/icon/dir.png"],"packages/file_manager_view/assets/icon/dir.svg":["packages/file_manager_view/assets/icon/dir.svg"],"packages/file_manager_view/assets/icon/directory.svg":["packages/file_manager_view/assets/icon/directory.svg"],"packages/file_manager_view/assets/icon/doc.png":["packages/file_manager_view/assets/icon/doc.png"],"packages/file_manager_view/assets/icon/document.svg":["packages/file_manager_view/assets/icon/document.svg"],"packages/file_manager_view/assets/icon/download.svg":["packages/file_manager_view/assets/icon/download.svg"],"packages/file_manager_view/assets/icon/file.png":["packages/file_manager_view/assets/icon/file.png"],"packages/file_manager_view/assets/icon/file.svg":["packages/file_manager_view/assets/icon/file.svg"],"packages/file_manager_view/assets/icon/file_sel.png":["packages/file_manager_view/assets/icon/file_sel.png"],"packages/file_manager_view/assets/icon/gallery.png":["packages/file_manager_view/assets/icon/gallery.png"],"packages/file_manager_view/assets/icon/home.png":["packages/file_manager_view/assets/icon/home.png"],"packages/file_manager_view/assets/icon/home_sel.png":["packages/file_manager_view/assets/icon/home_sel.png"],"packages/file_manager_view/assets/icon/mp3.png":["packages/file_manager_view/assets/icon/mp3.png"],"packages/file_manager_view/assets/icon/other.png":["packages/file_manager_view/assets/icon/other.png"],"packages/file_manager_view/assets/icon/pdf.png":["packages/file_manager_view/assets/icon/pdf.png"],"packages/file_manager_view/assets/icon/phone.png":["packages/file_manager_view/assets/icon/phone.png"],"packages/file_manager_view/assets/icon/plugin.svg":["packages/file_manager_view/assets/icon/plugin.svg"],"packages/file_manager_view/assets/icon/ppt.png":["packages/file_manager_view/assets/icon/ppt.png"],"packages/file_manager_view/assets/icon/qr.png":["packages/file_manager_view/assets/icon/qr.png"],"packages/file_manager_view/assets/icon/recycle.svg":["packages/file_manager_view/assets/icon/recycle.svg"],"packages/file_manager_view/assets/icon/terminal-box-fill.svg":["packages/file_manager_view/assets/icon/terminal-box-fill.svg"],"packages/file_manager_view/assets/icon/upload.png":["packages/file_manager_view/assets/icon/upload.png"],"packages/file_manager_view/assets/icon/video.png":["packages/file_manager_view/assets/icon/video.png"],"packages/file_manager_view/assets/icon/zip.png":["packages/file_manager_view/assets/icon/zip.png"],"packages/file_manager_view/assets/icon/zip.svg":["packages/file_manager_view/assets/icon/zip.svg"],"packages/global_repository/assets/icon/connect.svg":["packages/global_repository/assets/icon/connect.svg"],"packages/global_repository/assets/icon/lan.svg":["packages/global_repository/assets/icon/lan.svg"],"packages/global_repository/assets/icon/qr_code.svg":["packages/global_repository/assets/icon/qr_code.svg"],"packages/global_repository/assets/icon/remote.svg":["packages/global_repository/assets/icon/remote.svg"],"packages/termare_view/assets/fonts/DroidSansMono.ttf":["packages/termare_view/assets/fonts/DroidSansMono.ttf"],"packages/wakelock_web/assets/no_sleep.js":["packages/wakelock_web/assets/no_sleep.js"]}